<?xml version="1.0" encoding="UTF-8"?>
<project-private xmlns="http://www.netbeans.org/ns/project-private/1">
    <editor-bookmarks xmlns="http://www.netbeans.org/ns/editor-bookmarks/2" lastBookmarkId="0"/>
    <open-files xmlns="http://www.netbeans.org/ns/projectui-open-files/2">
        <group>
            <file>file:/D:/WebServer/XAMPP/htdocs/c8506/application/views/contact_view.php</file>
            <file>file:/D:/WebServer/XAMPP/htdocs/c8506/assets/style.css</file>
            <file>file:/D:/WebServer/XAMPP/htdocs/c8506/application/views/_template.php</file>
            <file>file:/D:/WebServer/XAMPP/htdocs/c8506/application/views/join_view.php</file>
            <file>file:/D:/WebServer/XAMPP/htdocs/c8506/application/views/books_view.php</file>
        </group>
    </open-files>
</project-private>
